{"text": " This is a test to see if whisper can do vocal separation.", "segments": [{"id": 0, "seek": 0, "start": 0.0, "end": 4.64, "text": " This is a test to see if whisper can do vocal separation.", "tokens": [50364, 639, 307, 257, 1500, 281, 536, 498, 26018, 393, 360, 11657, 14634, 13, 50596], "temperature": 0.0, "avg_logprob": -0.284677654504776, "compression_ratio": 0.9344262295081968, "no_speech_prob": 0.03643958270549774}], "language": "en"}